gender,SeniorCitizen,Partner,Dependents,tenure,PhoneService,MultipleLines,InternetService,OnlineSecurity,OnlineBackup,DeviceProtection,TechSupport,StreamingTV,StreamingMovies,Contract,PaperlessBilling,PaymentMethod,MonthlyCharges,TotalCharges,tenure_group,Predicted_Churn
Male,0,No,No,0,No,No,Fiber optic,No,No,No,No,No,No,Month-to-month,No,Electronic check,0.0,0.0,0-12 months,Churn
Male,0,No,No,0,No,No,Fiber optic,No,No,No,No,No,No,Month-to-month,No,Electronic check,0.0,0.0,0-12 months,Churn
Male,0,No,No,0,No,No,Fiber optic,No,No,No,No,No,No,Month-to-month,No,Electronic check,0.0,0.0,0-12 months,Churn
Male,0,No,No,0,No,No,Fiber optic,No,No,No,No,No,No,Month-to-month,No,Electronic check,0.0,0.0,0-12 months,Churn
Male,0,No,No,0,No,No,Fiber optic,No,No,No,No,No,No,Month-to-month,No,Electronic check,0.0,0.0,0-12 months,Churn
Male,0,No,No,0,No,No,Fiber optic,No,No,No,No,No,No,Month-to-month,No,Electronic check,0.0,0.0,0-12 months,Churn
Male,1,Yes,No,0,Yes,No,Fiber optic,No,No,No,Yes,Yes,No,Month-to-month,No,Mailed check,0.30000000000000004,0.2,37-48 months,Churn
Male,1,Yes,No,0,Yes,No,Fiber optic,No,No,No,Yes,Yes,No,Month-to-month,No,Mailed check,0.30000000000000004,0.2,37-48 months,Churn
Male,1,Yes,No,0,Yes,No,Fiber optic,No,No,No,Yes,Yes,No,Month-to-month,No,Mailed check,0.30000000000000004,0.2,37-48 months,Churn
